name,attributes
has reporting period,{}
has headquarters in,{}
has annual revenue band,{}
operates in sector,{}
filed single modern slavery statement with,{}
register entry,{}
has abn,{}
equivalent,{}
covers reporting period,{}
headquartered in,{}
filed joint modern slavery statement with,{}
includes entity,{}
included entity,{}
filed modern slavery statement,{}
included by,{}
registered in,{}
filed statement with,{}
received statement from,{}
has revenue band,{}
included in register entry,{}
is headquartered in,{}
positive investments pty  ltd,{}
contains register entry,{}
filed modern slavery statement with,{}
is register entry for,{}
is registered at,{}
has statement id,{}
for,{}
included in statement by,{}
included entity of,{}
has modern slavery statement,{}
has register entry,{}
wellsprings for women incorporated,{}
received reporting period,{}
received headquarters,{}
received register entry from,{}
received filing from,{}
filed with,{}
includes register entry,{}
registered entity,{}
registered revenue band,{}
received sector,{}
registered on,{}
is,{}
has identifier,{}
received joint modern slavery statement from,{}
received annual revenue band,{}
contains register entry for,{}
received register entry,{}
is_mentioned_in,{}
