name,type,attributes
Modern slavery statement 2023-838: GME PTY LTD.,document,"{'content': 'GME PTY LTD. filed a single modern slavery statement with the Australian Modern Slavery Register for the reporting period 2021-07-01 to 2022-06-30. The reporting entity is headquartered in Australia. The reporting entity has an annual revenue band of 100-150M. The reporting entity operates in the industry sectors: Durable consumer goods, including electronics and appliances, home furnishings and other accessories. Register entry: https://modernslaveryregister.gov.au/statements/13343/.'}"
Modern slavery statement 2024-131: B.M.D. HOLDINGS PTY. LIMITED,document,"{'content': 'B.M.D. HOLDINGS PTY. LIMITED (ABN 47 010 093 348) filed a single modern slavery statement with the Australian Modern Slavery Register for the reporting period 2022-07-01 to 2023-06-30. The reporting entity is headquartered in Australia. The reporting entity has an annual revenue band of 1BN+. The reporting entity operates in the industry sectors: Construction, civil engineering and building products. Register entry: https://modernslaveryregister.gov.au/statements/16906/.'}"
Modern slavery statement 2025-3467: NICK SCALI LIMITED,document,{'content': 'NICK SCALI LIMITED (ABN 82 000 403 896) filed a single modern slavery statement with the Australian Modern Slavery Register for the reporting period 2024-07-01 to 2025-06-30. The reporting entity is headquartered in Australia. The reporting entity has an annual revenue band of 450-500M. The reporting entity operates in the industry sectors: Retail Trade. The statement also covers the included entities: PLUSH-THINK SOFAS PTY LTD (55 080 012 595). Register entry: https://modernslaveryregister.gov.au/statements/26219/.'}
Modern slavery statement 2022-2432: A2 AUSTRALIAN INVESTMENTS PTY. LIMITED. & A2 INFANT NUTRITION AUSTRALIA PTY LTD & A2 INFANT NUTRITION LIMITED et al.,document,"{'content': 'A2 AUSTRALIAN INVESTMENTS PTY. LIMITED. (ABN 93 126 014 275), A2 INFANT NUTRITION AUSTRALIA PTY LTD (ABN 27 161 773 913), A2 INFANT NUTRITION LIMITED (ABN 81 618 864 958), THE A2 MILK COMPANY (AUSTRALIA) PTY LTD (ABN 52 125 331 213) and The a2 Milk Company Limited (ABN 97 769 415 292) filed a joint modern slavery statement with the Australian Modern Slavery Register for the reporting period 2021-07-01 to 2022-06-30. The reporting entities are headquartered in New Zealand. The reporting entities have an annual revenue band of 1BN+. The reporting entities operate in the industry sectors: Food and beverages, agriculture and fishing. Register entry: https://modernslaveryregister.gov.au/statements/11236/.'}"
Modern slavery statement 2022-2012: DENTAL HEALTH SERVICES VICTORIA,document,{'content': 'DENTAL HEALTH SERVICES VICTORIA (ABN 55 264 981 997) filed a single modern slavery statement with the Australian Modern Slavery Register for the reporting period 2021-07-01 to 2022-06-30. The reporting entity is headquartered in Australia. The reporting entity has an annual revenue band of 150-200M. The reporting entity operates in the industry sectors: Healthcare and pharmaceuticals. Register entry: https://modernslaveryregister.gov.au/statements/10649/.'}
Modern slavery statement 2021-2694: HUSQVARNA AUSTRALIA PTY LIMITED,document,{'content': 'HUSQVARNA AUSTRALIA PTY LIMITED (ABN 45 115 475 619) filed a single modern slavery statement with the Australian Modern Slavery Register for the reporting period 2021-01-01 to 2021-12-31. The reporting entity is headquartered in Sweden. The reporting entity has an annual revenue band of 200-250M. The reporting entity operates in the industry sectors: Other. Register entry: https://modernslaveryregister.gov.au/statements/5496/.'}
Modern slavery statement 2025-854: PENGUIN RANDOM HOUSE AUSTRALIA PTY LTD,document,"{'content': 'PENGUIN RANDOM HOUSE AUSTRALIA PTY LTD (ABN 28 004 815 703) filed a single modern slavery statement with the Australian Modern Slavery Register for the reporting period 2024-01-01 to 2024-12-31. The reporting entity is headquartered in Australia. The reporting entity has an annual revenue band of 250-300M. The reporting entity operates in the industry sectors: Media, publishing, arts and entertainment. Register entry: https://modernslaveryregister.gov.au/statements/22925/.'}"
Modern slavery statement 2025-3226: ROYAL VICTORIAN EYE & EAR HOSPITAL,document,{'content': 'ROYAL VICTORIAN EYE & EAR HOSPITAL (ABN 81 863 814 677) filed a single modern slavery statement with the Australian Modern Slavery Register for the reporting period 2024-07-01 to 2025-06-30. The reporting entity is headquartered in Australia. The reporting entity has an annual revenue band of 250-300M. The reporting entity operates in the industry sectors: Health Care and Social Assistance. Register entry: https://modernslaveryregister.gov.au/statements/26223/.'}
Modern slavery statement 2025-3878: REGIONAL EXPRESS HOLDINGS LIMITED,document,"{'content': 'REGIONAL EXPRESS HOLDINGS LIMITED filed a single modern slavery statement with the Australian Modern Slavery Register for the reporting period 2024-07-01 to 2025-06-30. The reporting entity is headquartered in Australia. The reporting entity has an annual revenue band of 350-400M. The reporting entity operates in the industry sectors: Transport, Postal and Warehousing. The statement also covers the included entities: AAPA VICTORIA PTY LTD, AIR PARTNERS PTY LTD, AUSTRALIAN AERO PROPELLER MAINTENANCE PTY LTD, AUSTRALIAN AIRLINE PILOT ACADEMY PTY LTD, REGIONAL EXPRESS PTY LTD, REX AIRLINES PTY LTD, REX FLYER PTY LTD, REX INVESTMENT HOLDINGS PTY LTD. Register entry: https://modernslaveryregister.gov.au/statements/26963/.'}"
Modern slavery statement 2023-441: Scott Park Group Pty Ltd,document,"{'content': 'Scott Park Group Pty Ltd (ABN 42 118 798 253) filed a single modern slavery statement with the Australian Modern Slavery Register for the reporting period 2022-01-01 to 2022-12-31. The reporting entity is headquartered in Australia. The reporting entity has an annual revenue band of 300-350M. The reporting entity operates in the industry sectors: Construction, civil engineering and building products. Register entry: https://modernslaveryregister.gov.au/statements/12717/.'}"
Modern slavery statement 2024-2040: KYNDRYL AUSTRALIA PTY LTD,document,{'content': 'KYNDRYL AUSTRALIA PTY LTD (ABN 98 646 647 592) filed a single modern slavery statement with the Australian Modern Slavery Register for the reporting period 2023-04-01 to 2024-03-31. The reporting entity is headquartered in United States of America. The reporting entity has an annual revenue band of 450-500M. The reporting entity operates in the industry sectors: Information technology and telecommunication. The statement also covers the included entities: KYNDRYL AUSTRALIA CLIENT SERVICES PTY LTD. Register entry: https://modernslaveryregister.gov.au/statements/19542/.'}
Modern slavery statement 2025-127: RICHLAND EXPRESS PTY LIMITED,document,{'content': 'RICHLAND EXPRESS PTY LIMITED (ABN 52 127 488 340) filed a single modern slavery statement with the Australian Modern Slavery Register for the reporting period 2023-07-01 to 2024-06-30. The reporting entity is headquartered in Australia. The reporting entity has an annual revenue band of 100-150M. The reporting entity operates in the industry sectors: Other. Register entry: https://modernslaveryregister.gov.au/statements/21812/.'}
Modern slavery statement 2021-3693: ADELAIDE AIRPORT LIMITED,document,"{'content': 'ADELAIDE AIRPORT LIMITED (ABN 78 075 176 653) filed a single modern slavery statement with the Australian Modern Slavery Register for the reporting period 2020-07-01 to 2021-06-30. The reporting entity is headquartered in Australia. The reporting entity has an annual revenue band of 150-200M. The reporting entity operates in the industry sectors: Transportation, logistics, and storage. Register entry: https://modernslaveryregister.gov.au/statements/7047/.'}"
"Modern slavery statement 2025-2142: MITSUBISHI DEVELOPMENT PTY LTD, QCT RESOURCES PTY LIMITED",document,"{'content': 'MITSUBISHI DEVELOPMENT PTY LTD, QCT RESOURCES PTY LIMITED filed a joint modern slavery statement with the Australian Modern Slavery Register for the reporting period 2024-04-01 to 2025-03-31. The reporting entity is headquartered in Australia. The reporting entity has an annual revenue band of 1BN+. The reporting entity operates in the industry sectors: Mining. Register entry: https://modernslaveryregister.gov.au/statements/24610/.'}"
Modern slavery statement 2023-1760: Adcome Pty Ltd,document,"{'content': 'Adcome Pty Ltd (ABN 99 110 315 681) filed a single modern slavery statement with the Australian Modern Slavery Register for the reporting period 2022-05-01 to 2023-04-30. The reporting entity is headquartered in Australia. The reporting entity has an annual revenue band of 450-500M. The reporting entity operates in the industry sectors: Food and beverages, agriculture and fishing. Register entry: https://modernslaveryregister.gov.au/statements/14557/.'}"
Modern slavery statement 2022-754: SOCIETE GENERALE,document,"{'content': 'SOCIETE GENERALE (ABN 71 092 516 286) filed a single modern slavery statement with the Australian Modern Slavery Register for the reporting period 2021-01-01 to 2021-12-31. The reporting entity is headquartered in France. The reporting entity has an annual revenue band of 1BN+. The reporting entity operates in the industry sectors: Financial, insurance and real estate activities. Register entry: https://modernslaveryregister.gov.au/statements/8878/.'}"
gme pty ltd,entity,{}
australian modern slavery register,entity,{}
australia,entity,{}
100 150m,entity,{}
durable consumer goods  including electronics and appliances,entity,{}
home furnishings,entity,{}
other accessories,entity,{}
2021 07 01 to 2022 06 30,entity,{}
modern slavery statement,entity,{}
https   modernslaveryregister gov au statements 13343,entity,{}
b m d  holdings pty  limited,entity,{}
abn 47 010 093 348,entity,{}
construction,entity,{}
civil engineering and building products,entity,{}
1bn,entity,{}
2022 07 01 to 2023 06 30,entity,{}
https   modernslaveryregister gov au statements 16906,entity,{}
nick scali limited,entity,{}
abn 82 000 403 896,entity,{}
retail trade,entity,{}
450 500m,entity,{}
plush think sofas pty ltd,entity,{}
modern slavery statement 2025 3467,entity,{}
https   modernslaveryregister gov au statements 26219,entity,{}
2024 07 01 to 2025 06 30,entity,{}
a2 australian investments pty  limited,entity,{}
abn 93 126 014 275,entity,{}
a2 infant nutrition australia pty ltd,entity,{}
abn 27 161 773 913,entity,{}
a2 infant nutrition limited,entity,{}
abn 81 618 864 958,entity,{}
the a2 milk company  australia  pty ltd,entity,{}
abn 52 125 331 213,entity,{}
the a2 milk company limited,entity,{}
abn 97 769 415 292,entity,{}
food and beverages,entity,{}
agriculture and fishing,entity,{}
new zealand,entity,{}
dental health services victoria,entity,{}
150 200m,entity,{}
healthcare and pharmaceuticals,entity,{}
abn 55 264 981 997,entity,{}
https   modernslaveryregister gov au statements 10649,entity,{}
husqvarna australia pty limited,entity,{}
200 250m,entity,{}
other,entity,{}
sweden,entity,{}
penguin random house australia pty ltd,entity,{}
250 300m,entity,{}
media,entity,{}
publishing,entity,{}
arts and entertainment,entity,{}
penguin random house austrialy pty ltd,entity,{}
modernslaveryregister gov au statements 22925,entity,{}
royal victorian eye   ear hospital,entity,{}
health care and social assistance,entity,{}
https   modernslaveryregister gov au statements 26223,entity,{}
royal victorian eye   ear hospital s modern slavery statement,entity,{}
regional express holdings limited,entity,{}
350 400m,entity,{}
transport  postal and warehousing,entity,{}
aapa victoria pty ltd,entity,{}
air partners pty ltd,entity,{}
australian aero propeller maintenance pty ltd,entity,{}
australian airline pilot academy pty ltd,entity,{}
regional express pty ltd,entity,{}
rex airlines pty ltd,entity,{}
rex flyer pty ltd,entity,{}
rex investment holdings pty ltd,entity,{}
https   modernslaveryregister gov au statements 26963,entity,{}
scott park group pty ltd,entity,{}
42 118 798 253,entity,{}
scott park group pty ltd  abn 42 118 798 253,entity,{}
300 350m,entity,{}
construction  civil engineering and building products,entity,{}
2022 01 01 to 2022 12 31,entity,{}
https   modernslaveryregister gov au statements 12717,entity,{}
kyndryl australia pty ltd,entity,{}
abn 98 646 647 592,entity,{}
united states of america,entity,{}
information technology and telecommunication,entity,{}
kyndryl australia client services pty ltd,entity,{}
https   modernslaveryregister gov au statements 19542,entity,{}
kyndryl austrailia pty ltd,entity,{}
2023 04 01 to 2024 03 31,entity,{}
richland express pty limited,entity,{}
richland express pty limited  abn 52 127 488 340,entity,{}
2023 07 01 to 2024 06 30,entity,{}
https   modernslaveryregister gov au statements 21812,entity,{}
adelaide airport limited,entity,{}
transportation  logistics  and storage,entity,{}
2020 07 01 to 2021 06 30,entity,{}
https   modernslaveryregister gov au statements 7047,entity,{}
mitsubishi development pty ltd,entity,{}
qct resources ptly limited,entity,{}
mining,entity,{}
qct resources pty limited,entity,{}
https   modernslaveryregister gov au statements 24610,entity,{}
mitsubishi development pty ltd and qct resources pty limited,entity,{}
adcome pty ltd  abn 99 110 315 681,entity,{}
2022 05 01 to 2023 04 30,entity,{}
https   modernslaveryregister gov au statements 14557,entity,{}
societe generale,entity,{}
abn 71 092 516 286,entity,{}
france,entity,{}
financial  insurance and real estate activities,entity,{}
2021 01 01 to 2021 12 31,entity,{}
https   modernslaveryregister gov au statements 8878,entity,{}
