source,relation,target,attributes
gme pty ltd,filed a single modern slavery statement with,australian modern slavery register,{}
gme pty ltd,headquartered in,australia,{}
gme pty ltd,annual revenue band of,100 150m,{}
gme pty ltd,operates in the industry sectors,durable consumer goods  including electronics and appliances,{}
gme pty ltd,operates in the industry sectors,home furnishings,{}
gme pty ltd,operates in the industry sectors,other accessories,{}
gme pty ltd,reported for the period,2021 07 01 to 2022 06 30,{}
modern slavery statement,registered at,https   modernslaveryregister gov au statements 13343,{}
b m d  holdings pty  limited,has abn,abn 47 010 093 348,{}
b m d  holdings pty  limited,is headquartered in,australia,{}
b m d  holdings pty  limited,operates in the industry sectors of,construction,{}
b m d  holdings pty  limited,operates in the industry sectors of,civil engineering and building products,{}
b m d  holdings pty  limited,has an annual revenue band of,1bn,{}
b m d  holdings pty  limited,filed a single modern slavery statement with,australian modern slavery register,{}
b m d  holdings pty  limited,for the reporting period,2022 07 01 to 2023 06 30,{}
b m d  holdings pty  limited,filed a single modern slavery statement with,https   modernslaveryregister gov au statements 16906,{}
australian modern slavery register,received from,b m d  holdings pty  limited,{}
nick scali limited,has abn number,abn 82 000 403 896,{}
nick scali limited,is headquartered in,australia,{}
nick scali limited,operates in the industry sectors of,retail trade,{}
nick scali limited,has annual revenue band of,450 500m,{}
plush think sofas pty ltd,is included by,nick scali limited,{}
modern slavery statement 2025 3467,covers,plush think sofas pty ltd,{}
modern slavery statement 2025 3467,registers at,https   modernslaveryregister gov au statements 26219,{}
nick scali limited,filed a single modern slavery statement with the australian modern slavery register for the reporting period of,2024 07 01 to 2025 06 30,{}
a2 australian investments pty  limited,has abn number,abn 93 126 014 275,{}
a2 infant nutrition australia pty ltd,has abn number,abn 27 161 773 913,{}
a2 infant nutrition limited,has abn number,abn 81 618 864 958,{}
the a2 milk company  australia  pty ltd,has abn number,abn 52 125 331 213,{}
the a2 milk company limited,has abn number,abn 97 769 415 292,{}
a2 australian investments pty  limited,operates in industry sector,food and beverages,{}
a2 infant nutrition australia pty ltd,operates in industry sector,agriculture and fishing,{}
a2 infant nutrition limited,operates in industry sector,agriculture and fishing,{}
the a2 milk company  australia  pty ltd,operates in industry sector,food and beverages,{}
the a2 milk company limited,operates in industry sector,food and beverages,{}
a2 australian investments pty  limited,is headquartered in,new zealand,{}
a2 infant nutrition australia pty ltd,headquartered in,new zealand,{}
a2 infant nutrition limited,headquartered in,new zealand,{}
the a2 milk company  australia  pty ltd,is headquartered in,new zealand,{}
the a2 milk company limited,headquartered in,new zealand,{}
a2 australian investments pty  limited,has annual revenue band of,1bn,{}
a2 infant nutrition australia pty ltd,has annual revenue band of,1bn,{}
a2 infant nutrition limited,has annual revenue band of,1bn,{}
the a2 milk company  australia  pty ltd,has annual revenue band of,1bn,{}
the a2 milk company limited,has annual revenue band of,1bn,{}
dental health services victoria,has revenue band of,150 200m,{}
dental health services victoria,is headquartered in,australia,{}
dental health services victoria,operates in industry sectors,healthcare and pharmaceuticals,{}
dental health services victoria,has abn number,abn 55 264 981 997,{}
modern slavery statement,is filed by,dental health services victoria,{}
modern slavery statement,can be found at,https   modernslaveryregister gov au statements 10649,{}
husqvarna australia pty limited,has revenue band of,200 250m,{}
husqvarna australia pty limited,operates in industry sectors,other,{}
husqvarna australia pty limited,is headquartered in,sweden,{}
penguin random house australia pty ltd,has an annual revenue band of,250 300m,{}
penguin random house australia pty ltd,headquartered in,australia,{}
penguin random house australia pty ltd,operates in industry sectors,media,{}
penguin random house australia pty ltd,operates in industry sectors,publishing,{}
penguin random house australia pty ltd,operates in industry sectors,arts and entertainment,{}
penguin random house austrialy pty ltd,has an annual revenue band of,250 300m,{}
penguin random house australia pty ltd,has a modern slavery statement registered at,modernslaveryregister gov au statements 22925,{}
royal victorian eye   ear hospital,headquartered in,australia,{}
royal victorian eye   ear hospital,has an annual revenue band of,250 300m,{}
royal victorian eye   ear hospital,operates in the industry sectors,health care and social assistance,{}
https   modernslaveryregister gov au statements 26223,is a register entry for,royal victorian eye   ear hospital s modern slavery statement,{}
regional express holdings limited,headquartered in,australia,{}
regional express holdings limited,has an annual revenue band of,350 400m,{}
regional express holdings limited,operates in the industry sectors,transport  postal and warehousing,{}
regional express holdings limited,covers the included entities,aapa victoria pty ltd,{}
regional express holdings limited,covers the included entities,air partners pty ltd,{}
regional express holdings limited,covers the included entities,australian aero propeller maintenance pty ltd,{}
regional express holdings limited,covers the included entities,australian airline pilot academy pty ltd,{}
regional express holdings limited,equivalent,regional express pty ltd,{}
regional express holdings limited,covers the included entities,rex airlines pty ltd,{}
regional express holdings limited,covers the included entities,rex flyer pty ltd,{}
regional express holdings limited,covers the included entities,rex investment holdings pty ltd,{}
regional express holdings limited,registered entry is available at,https   modernslaveryregister gov au statements 26963,{}
scott park group pty ltd,has abn,42 118 798 253,{}
scott park group pty ltd  abn 42 118 798 253,is headquartered in,australia,{}
scott park group pty ltd  abn 42 118 798 253,has an annual revenue band of,300 350m,{}
scott park group pty ltd  abn 42 118 798 253,operates in the industry sectors,construction  civil engineering and building products,{}
scott park group pty ltd  abn 42 118 798 253,filed a single modern slavery statement with,australian modern slavery register,{}
scott park group pty ltd  abn 42 118 798 253,for the reporting period,2022 01 01 to 2022 12 31,{}
scott park group pty ltd  abn 42 118 798 253,registered entry is available at,https   modernslaveryregister gov au statements 12717,{}
kyndryl australia pty ltd,has abn number,abn 98 646 647 592,{}
kyndryl australia pty ltd,is headquartered in,united states of america,{}
kyndryl australia pty ltd,has revenue band,450 500m,{}
kyndryl australia pty ltd,operates in industry sectors,information technology and telecommunication,{}
kyndryl australia pty ltd,equivalent,kyndryl australia client services pty ltd,{}
kyndryl australia pty ltd,registered entry link,https   modernslaveryregister gov au statements 19542,{}
kyndryl austrailia pty ltd,reported to the australian modern slavery register for the period,2023 04 01 to 2024 03 31,{}
richland express pty limited,has revenue band of,100 150m,{}
richland express pty limited,is headquartered in,australia,{}
richland express pty limited,operates in industry sectors,other,{}
richland express pty limited  abn 52 127 488 340,for the reporting period,2023 07 01 to 2024 06 30,{}
richland express pty limited  abn 52 127 488 340,has an annual revenue band of,100 150m,{}
richland express pty limited  abn 52 127 488 340,headquartered in,australia,{}
richland express pty limited  abn 52 127 488 340,operates in industry sectors,other,{}
richland express pty limited  abn 52 127 488 340,registered entry is available at,https   modernslaveryregister gov au statements 21812,{}
adelaide airport limited,has revenue band of,150 200m,{}
adelaide airport limited,is headquartered in,australia,{}
adelaide airport limited,operates in the industry sectors,transportation  logistics  and storage,{}
adelaide airport limited,filed a single modern slavery statement with the australian modern slavery register for the reporting period,2020 07 01 to 2021 06 30,{}
modern slavery statement,is filed by,adelaide airport limited,{}
modern slavery statement,can be found at,https   modernslaveryregister gov au statements 7047,{}
mitsubishi development pty ltd,filed a joint modern slavery statement with,australian modern slavery register,{}
qct resources ptly limited,filed a joint modern slavery statement with,australian modern slavery register,{}
mitsubishi development pty ltd,headquartered in,australia,{}
mitsubishi development pty ltd,has an annual revenue band of,1bn,{}
mitsubishi development pty ltd,operates in the industry sectors,mining,{}
qct resources pty limited,headquartered in,australia,{}
qct resources pty limited,has an annual revenue band of,1bn,{}
qct resources pty limited,operates in the industry sectors,mining,{}
qct resources pty limited,reported to,australian modern slavery register,{}
https   modernslaveryregister gov au statements 24610,is the register entry for,mitsubishi development pty ltd and qct resources pty limited,{}
adcome pty ltd  abn 99 110 315 681,filed a single modern slavery statement with the australian modern slavery register,2022 05 01 to 2023 04 30,{}
adcome pty ltd  abn 99 110 315 681,headquartered in,australia,{}
adcome pty ltd  abn 99 110 315 681,has an annual revenue band of,450 500m,{}
adcome pty ltd  abn 99 110 315 681,operates in the industry sectors,food and beverages,{}
adcome pty ltd  abn 99 110 315 681,operates in the industry sectors,agriculture and fishing,{}
adcome pty ltd  abn 99 110 315 681,filed a single modern slavery statement with,australian modern slavery register,{}
adcome pty ltd  abn 99 110 315 681,register entry is available at,https   modernslaveryregister gov au statements 14557,{}
societe generale,has abn number,abn 71 092 516 286,{}
societe generale,is headquartered in,france,{}
societe generale,operates in the industry sectors of,financial  insurance and real estate activities,{}
societe generale,reported annual revenue band of,1bn,{}
modern slavery statement,filed by,societe generale,{}
modern slavery statement,related to the period,2021 01 01 to 2021 12 31,{}
modern slavery statement,accessible at,https   modernslaveryregister gov au statements 8878,{}
b m d  holdings pty  limited,operates in the industry sectors of,manufacturing and resources,{}
nick scali limited,operates in the industry sectors of,retail and hospitality,{}
plush think sofas pty ltd,included entity with abn number,55 080 012 595,{}
modern slavery statement 2024 3467,covers included entities of,plush think sofas pty ltd,{}
modern slavery statement 2024 3467,has register entry at,https   modernslaveryregister gov au statements 26219,{}
a2 infant nutrition australia pty ltd,operates in industry sectors,manufacturing and resources,{}
a2 infant nutrition limited,operates in industry sectors,manufacturing and resources,{}
modern slavery statement,filed by entities,a2 australian investments pty  limited,{}
modern slavery statement,filed by entities,a2 infant nutrition australia pty ltd,{}
modern slavery statement,filed by entities,a2 infant nutrition limited,{}
modern slavery statement,filed by entities,the a2 milk company  australia  pty ltd,{}
modern slavery statement,filed by entities,the a2 milk company limited,{}
modern slavery statement,covers the period,2021 07 01 to 2022 06 30,{}
modern slavery statement,accessible at url,https   modernslaveryregister gov au statements 11236,{}
dental health services victoria,operates in the industry sectors,healthcare,{}
husqvarna australia pty limited,operates in the industry sectors,other industries,{}
modern slavery statement,registered by,australian modern slavery register,{}
modern slavery statement,can be found at,https   modernslaveryregister gov au statements 5496,{}
penguin random house australia pty ltd,filed a single modern slavery statement with the australian modern slavery register,2024 01 01 to 2024 12 31,{}
penguin random house australia pty ltd,operates in the industry sectors,entertainment and media,{}
penguin random house australia pty ltd,registered entry available at,https   modernslaveryregister gov au statements 22925,{}
australian modern slavery register,receives reports from,penguin random house australia pty ltd,{}
royal victorian eye   ear hospital,filed a single modern slavery statement with the australian modern slavery register,2024 07 01 to 2025 06 30,{}
royal victorian eye   ear hospital,operates in the industry sectors,healthcare,{}
royal victorian eye   ear hospital,registered entry available at,https   modernslaveryregister gov au statements 26223,{}
regional express holdings limited,filed a single modern slavery statement with the australian modern slavery register,2024 07 01 to 2025 06 30,{}
regional express holdings limited,operates in the industry sectors,transport and logistics,{}
scott park group pty ltd,has abn,abn 42 118 798 253,{}
scott park group pty ltd,is headquartered in,australia,{}
scott park group pty ltd,operates in the industry sectors of,manufacturing and resources,{}
kyndryl australia pty ltd,operates in industry sectors,technology and telecommunications,{}
richland express pty limited,operates in industry sectors,other industries,{}
richland express pty limited  abn 52 127 488 340,operates in industry sectors,other industries,{}
adelaide airport limited,operates in industry sectors,transport and logistics,{}
adelaide airport limited  abn 78 075 176 653,for the reporting period,2020 07 01 to 2021 06 30,{}
adelaide airport limited  abn 78 075 176 653,has an annual revenue band of,150 200m,{}
https   modernslaveryregister gov au statements 7047,is,register entry,{}
mitsubishi development pty ltd,operates in the industry sectors,manufacturing and resources,{}
qct resources pty limited,operates in the industry sectors,manufacturing and resources,{}
mitsubishi development pty ltd,filed a joint modern slavery statement with qct resources pty limited for the reporting period,2024 04 01 to 2025 03 31,{}
https   modernslaveryregister gov au statements 24610,is,register entry,{}
adcome pty ltd,has abn number,abn 99 110 315 681,{}
adcome pty ltd,the reporting entity is headquartered in,australia,{}
adcome pty ltd,operates in industry sectors,manufacturing and resources,{}
adcome pty ltd,has annual revenue band of,450 500m,{}
adcome pty ltd,filed a single modern slavery statement with the australian modern slavery register for the reporting period,2022 05 01 to 2023 04 30,{}
adcome pty ltd,equivalent,modern slavery statement 2023 1760  adcome pty ltd,{}
modern slavery statement 2023 1760  adcome pty ltd,is registered on,https   modernslaveryregister gov au statements 14557,{}
societe generale  abn 71 092 516 286,the reporting entity is headquartered in,france,{}
societe generale  abn 71 092 516 286,has an annual revenue band of,1bn,{}
societe generale  abn 71 092 516 286,operates in the industry sectors,financial services and insurance,{}
societe generale  abn 71 092 516 286,filed a single modern slavery statement with the australian modern slavery register for the reporting period,2021 01 01 to 2021 12 31,{}
modern slavery statement 2022 754  societe generale,filed with the,australian modern slavery register,{}
modern slavery statement 2022 754  societe generale,is for the reporting period,2021 01 01 to 2021 12 31,{}
modern slavery statement 2022 754  societe generale,has a register entry at,https   modernslaveryregister gov au statements 8878,{}
100 150m,equivalent,150 200m,{}
150 200m,equivalent,100 150m,{}
150 200m,equivalent,200 250m,{}
200 250m,equivalent,250 300m,{}
200 250m,equivalent,150 200m,{}
2020 07 01 to 2021 06 30,equivalent,2021 07 01 to 2022 06 30,{}
2020 07 01 to 2021 06 30,equivalent,2023 07 01 to 2024 06 30,{}
2020 07 01 to 2021 06 30,equivalent,2022 07 01 to 2023 06 30,{}
2020 07 01 to 2021 06 30,equivalent,2024 07 01 to 2025 06 30,{}
2021 01 01 to 2021 12 31,equivalent,2021 07 01 to 2022 06 30,{}
2021 01 01 to 2021 12 31,equivalent,2022 01 01 to 2022 12 31,{}
2021 01 01 to 2021 12 31,equivalent,2020 07 01 to 2021 06 30,{}
2021 01 01 to 2021 12 31,equivalent,2024 01 01 to 2024 12 31,{}
2021 07 01 to 2022 06 30,equivalent,2020 07 01 to 2021 06 30,{}
2021 07 01 to 2022 06 30,equivalent,2022 07 01 to 2023 06 30,{}
2021 07 01 to 2022 06 30,equivalent,2023 07 01 to 2024 06 30,{}
2021 07 01 to 2022 06 30,equivalent,2024 07 01 to 2025 06 30,{}
2021 07 01 to 2022 06 30,equivalent,2021 01 01 to 2021 12 31,{}
2021 07 01 to 2022 06 30,equivalent,2022 05 01 to 2023 04 30,{}
2022 01 01 to 2022 12 31,equivalent,2024 01 01 to 2024 12 31,{}
2022 01 01 to 2022 12 31,equivalent,2023 04 01 to 2024 03 31,{}
2022 01 01 to 2022 12 31,equivalent,2024 04 01 to 2025 03 31,{}
2022 01 01 to 2022 12 31,equivalent,2022 05 01 to 2023 04 30,{}
2022 01 01 to 2022 12 31,equivalent,2022 07 01 to 2023 06 30,{}
2022 01 01 to 2022 12 31,equivalent,2023 07 01 to 2024 06 30,{}
2022 01 01 to 2022 12 31,equivalent,2021 07 01 to 2022 06 30,{}
2022 01 01 to 2022 12 31,equivalent,2021 01 01 to 2021 12 31,{}
2022 01 01 to 2022 12 31,equivalent,2024 07 01 to 2025 06 30,{}
2022 05 01 to 2023 04 30,equivalent,2022 07 01 to 2023 06 30,{}
2022 05 01 to 2023 04 30,equivalent,2023 07 01 to 2024 06 30,{}
2022 05 01 to 2023 04 30,equivalent,2023 04 01 to 2024 03 31,{}
2022 05 01 to 2023 04 30,equivalent,2024 07 01 to 2025 06 30,{}
2022 05 01 to 2023 04 30,equivalent,2024 04 01 to 2025 03 31,{}
2022 05 01 to 2023 04 30,equivalent,2021 07 01 to 2022 06 30,{}
2022 05 01 to 2023 04 30,equivalent,2022 01 01 to 2022 12 31,{}
2022 05 01 to 2023 04 30,equivalent,2024 01 01 to 2024 12 31,{}
2022 07 01 to 2023 06 30,equivalent,2023 07 01 to 2024 06 30,{}
2022 07 01 to 2023 06 30,equivalent,2024 07 01 to 2025 06 30,{}
2022 07 01 to 2023 06 30,equivalent,2021 07 01 to 2022 06 30,{}
2022 07 01 to 2023 06 30,equivalent,2022 05 01 to 2023 04 30,{}
2022 07 01 to 2023 06 30,equivalent,2023 04 01 to 2024 03 31,{}
2022 07 01 to 2023 06 30,equivalent,2022 01 01 to 2022 12 31,{}
2022 07 01 to 2023 06 30,equivalent,2024 04 01 to 2025 03 31,{}
2022 07 01 to 2023 06 30,equivalent,2020 07 01 to 2021 06 30,{}
2022 07 01 to 2023 06 30,equivalent,2024 01 01 to 2024 12 31,{}
2023 04 01 to 2024 03 31,equivalent,2024 04 01 to 2025 03 31,{}
2023 04 01 to 2024 03 31,equivalent,2024 01 01 to 2024 12 31,{}
2023 04 01 to 2024 03 31,equivalent,2022 05 01 to 2023 04 30,{}
2023 04 01 to 2024 03 31,equivalent,2022 01 01 to 2022 12 31,{}
2023 04 01 to 2024 03 31,equivalent,2023 07 01 to 2024 06 30,{}
2023 04 01 to 2024 03 31,equivalent,2022 07 01 to 2023 06 30,{}
2023 04 01 to 2024 03 31,equivalent,2024 07 01 to 2025 06 30,{}
2023 07 01 to 2024 06 30,equivalent,2024 07 01 to 2025 06 30,{}
2023 07 01 to 2024 06 30,equivalent,2022 07 01 to 2023 06 30,{}
2023 07 01 to 2024 06 30,equivalent,2021 07 01 to 2022 06 30,{}
2023 07 01 to 2024 06 30,equivalent,2022 05 01 to 2023 04 30,{}
2023 07 01 to 2024 06 30,equivalent,2023 04 01 to 2024 03 31,{}
2023 07 01 to 2024 06 30,equivalent,2024 04 01 to 2025 03 31,{}
2023 07 01 to 2024 06 30,equivalent,2024 01 01 to 2024 12 31,{}
2024 01 01 to 2024 12 31,equivalent,2022 01 01 to 2022 12 31,{}
2024 01 01 to 2024 12 31,equivalent,2024 04 01 to 2025 03 31,{}
2024 01 01 to 2024 12 31,equivalent,2023 04 01 to 2024 03 31,{}
2024 01 01 to 2024 12 31,equivalent,2024 07 01 to 2025 06 30,{}
2024 01 01 to 2024 12 31,equivalent,2023 07 01 to 2024 06 30,{}
2024 01 01 to 2024 12 31,equivalent,2022 05 01 to 2023 04 30,{}
2024 01 01 to 2024 12 31,equivalent,2022 07 01 to 2023 06 30,{}
2024 01 01 to 2024 12 31,equivalent,2021 07 01 to 2022 06 30,{}
2024 04 01 to 2025 03 31,equivalent,2023 04 01 to 2024 03 31,{}
2024 04 01 to 2025 03 31,equivalent,2024 01 01 to 2024 12 31,{}
2024 04 01 to 2025 03 31,equivalent,2024 07 01 to 2025 06 30,{}
2024 04 01 to 2025 03 31,equivalent,2022 01 01 to 2022 12 31,{}
2024 04 01 to 2025 03 31,equivalent,2023 07 01 to 2024 06 30,{}
2024 04 01 to 2025 03 31,equivalent,2022 05 01 to 2023 04 30,{}
2024 04 01 to 2025 03 31,equivalent,2022 07 01 to 2023 06 30,{}
2024 07 01 to 2025 06 30,equivalent,2023 07 01 to 2024 06 30,{}
2024 07 01 to 2025 06 30,equivalent,2022 07 01 to 2023 06 30,{}
2024 07 01 to 2025 06 30,equivalent,2021 07 01 to 2022 06 30,{}
2024 07 01 to 2025 06 30,equivalent,2024 04 01 to 2025 03 31,{}
2024 07 01 to 2025 06 30,equivalent,2023 04 01 to 2024 03 31,{}
2024 07 01 to 2025 06 30,equivalent,2022 05 01 to 2023 04 30,{}
2024 07 01 to 2025 06 30,equivalent,2024 01 01 to 2024 12 31,{}
250 300m,equivalent,300 350m,{}
250 300m,equivalent,200 250m,{}
300 350m,equivalent,350 400m,{}
300 350m,equivalent,250 300m,{}
350 400m,equivalent,300 350m,{}
42 118 798 253,equivalent,abn 42 118 798 253,{}
42 118 798 253,equivalent,scott park group pty ltd  abn 42 118 798 253,{}
a2 australian investments pty  limited,equivalent,the a2 milk company  australia  pty ltd,{}
a2 australian investments pty  limited,equivalent,a2 infant nutrition australia pty ltd,{}
a2 infant nutrition limited,equivalent,a2 infant nutrition australia pty ltd,{}
abn 42 118 798 253,equivalent,scott park group pty ltd  abn 42 118 798 253,{}
abn 42 118 798 253,equivalent,42 118 798 253,{}
abn 71 092 516 286,equivalent,societe generale  abn 71 092 516 286,{}
abn 99 110 315 681,equivalent,adcome pty ltd  abn 99 110 315 681,{}
adcome pty ltd,equivalent,adcome pty ltd  abn 99 110 315 681,{}
adelaide airport limited,equivalent,adelaide airport limited  abn 78 075 176 653,{}
arts and entertainment,equivalent,entertainment and media,{}
civil engineering and building products,equivalent,construction  civil engineering and building products,{}
construction,equivalent,construction  civil engineering and building products,{}
construction  civil engineering and building products,equivalent,civil engineering and building products,{}
healthcare,equivalent,healthcare and pharmaceuticals,{}
https   modernslaveryregister gov au statements 10649,equivalent,https   modernslaveryregister gov au statements 13343,{}
https   modernslaveryregister gov au statements 10649,equivalent,https   modernslaveryregister gov au statements 7047,{}
https   modernslaveryregister gov au statements 10649,equivalent,https   modernslaveryregister gov au statements 11236,{}
https   modernslaveryregister gov au statements 10649,equivalent,https   modernslaveryregister gov au statements 5496,{}
https   modernslaveryregister gov au statements 10649,equivalent,https   modernslaveryregister gov au statements 12717,{}
https   modernslaveryregister gov au statements 10649,equivalent,https   modernslaveryregister gov au statements 24610,{}
https   modernslaveryregister gov au statements 10649,equivalent,https   modernslaveryregister gov au statements 16906,{}
https   modernslaveryregister gov au statements 10649,equivalent,https   modernslaveryregister gov au statements 26963,{}
https   modernslaveryregister gov au statements 10649,equivalent,https   modernslaveryregister gov au statements 8878,{}
https   modernslaveryregister gov au statements 10649,equivalent,https   modernslaveryregister gov au statements 14557,{}
https   modernslaveryregister gov au statements 10649,equivalent,https   modernslaveryregister gov au statements 26219,{}
https   modernslaveryregister gov au statements 10649,equivalent,https   modernslaveryregister gov au statements 22925,{}
https   modernslaveryregister gov au statements 10649,equivalent,https   modernslaveryregister gov au statements 21812,{}
https   modernslaveryregister gov au statements 10649,equivalent,https   modernslaveryregister gov au statements 26223,{}
https   modernslaveryregister gov au statements 10649,equivalent,https   modernslaveryregister gov au statements 19542,{}
https   modernslaveryregister gov au statements 11236,equivalent,https   modernslaveryregister gov au statements 10649,{}
https   modernslaveryregister gov au statements 11236,equivalent,https   modernslaveryregister gov au statements 13343,{}
https   modernslaveryregister gov au statements 11236,equivalent,https   modernslaveryregister gov au statements 5496,{}
https   modernslaveryregister gov au statements 11236,equivalent,https   modernslaveryregister gov au statements 14557,{}
https   modernslaveryregister gov au statements 11236,equivalent,https   modernslaveryregister gov au statements 7047,{}
https   modernslaveryregister gov au statements 11236,equivalent,https   modernslaveryregister gov au statements 8878,{}
https   modernslaveryregister gov au statements 11236,equivalent,https   modernslaveryregister gov au statements 16906,{}
https   modernslaveryregister gov au statements 11236,equivalent,https   modernslaveryregister gov au statements 26219,{}
https   modernslaveryregister gov au statements 11236,equivalent,https   modernslaveryregister gov au statements 24610,{}
https   modernslaveryregister gov au statements 11236,equivalent,https   modernslaveryregister gov au statements 26963,{}
https   modernslaveryregister gov au statements 11236,equivalent,https   modernslaveryregister gov au statements 12717,{}
https   modernslaveryregister gov au statements 11236,equivalent,https   modernslaveryregister gov au statements 21812,{}
https   modernslaveryregister gov au statements 11236,equivalent,https   modernslaveryregister gov au statements 22925,{}
https   modernslaveryregister gov au statements 11236,equivalent,https   modernslaveryregister gov au statements 26223,{}
https   modernslaveryregister gov au statements 11236,equivalent,https   modernslaveryregister gov au statements 19542,{}
https   modernslaveryregister gov au statements 12717,equivalent,https   modernslaveryregister gov au statements 13343,{}
https   modernslaveryregister gov au statements 12717,equivalent,https   modernslaveryregister gov au statements 26219,{}
https   modernslaveryregister gov au statements 12717,equivalent,https   modernslaveryregister gov au statements 24610,{}
https   modernslaveryregister gov au statements 12717,equivalent,https   modernslaveryregister gov au statements 14557,{}
https   modernslaveryregister gov au statements 12717,equivalent,https   modernslaveryregister gov au statements 21812,{}
https   modernslaveryregister gov au statements 12717,equivalent,https   modernslaveryregister gov au statements 10649,{}
https   modernslaveryregister gov au statements 12717,equivalent,https   modernslaveryregister gov au statements 26223,{}
https   modernslaveryregister gov au statements 12717,equivalent,https   modernslaveryregister gov au statements 26963,{}
https   modernslaveryregister gov au statements 12717,equivalent,https   modernslaveryregister gov au statements 8878,{}
https   modernslaveryregister gov au statements 12717,equivalent,https   modernslaveryregister gov au statements 22925,{}
https   modernslaveryregister gov au statements 12717,equivalent,https   modernslaveryregister gov au statements 5496,{}
https   modernslaveryregister gov au statements 12717,equivalent,https   modernslaveryregister gov au statements 16906,{}
https   modernslaveryregister gov au statements 12717,equivalent,https   modernslaveryregister gov au statements 7047,{}
https   modernslaveryregister gov au statements 12717,equivalent,https   modernslaveryregister gov au statements 11236,{}
https   modernslaveryregister gov au statements 12717,equivalent,https   modernslaveryregister gov au statements 19542,{}
https   modernslaveryregister gov au statements 12717,equivalent,modernslaveryregister gov au statements 22925,{}
https   modernslaveryregister gov au statements 13343,equivalent,https   modernslaveryregister gov au statements 12717,{}
https   modernslaveryregister gov au statements 13343,equivalent,https   modernslaveryregister gov au statements 10649,{}
https   modernslaveryregister gov au statements 13343,equivalent,https   modernslaveryregister gov au statements 5496,{}
https   modernslaveryregister gov au statements 13343,equivalent,https   modernslaveryregister gov au statements 26219,{}
https   modernslaveryregister gov au statements 13343,equivalent,https   modernslaveryregister gov au statements 26963,{}
https   modernslaveryregister gov au statements 13343,equivalent,https   modernslaveryregister gov au statements 26223,{}
https   modernslaveryregister gov au statements 13343,equivalent,https   modernslaveryregister gov au statements 14557,{}
https   modernslaveryregister gov au statements 13343,equivalent,https   modernslaveryregister gov au statements 7047,{}
https   modernslaveryregister gov au statements 13343,equivalent,https   modernslaveryregister gov au statements 21812,{}
https   modernslaveryregister gov au statements 13343,equivalent,https   modernslaveryregister gov au statements 19542,{}
https   modernslaveryregister gov au statements 13343,equivalent,https   modernslaveryregister gov au statements 16906,{}
https   modernslaveryregister gov au statements 13343,equivalent,https   modernslaveryregister gov au statements 24610,{}
https   modernslaveryregister gov au statements 13343,equivalent,https   modernslaveryregister gov au statements 11236,{}
https   modernslaveryregister gov au statements 13343,equivalent,https   modernslaveryregister gov au statements 8878,{}
https   modernslaveryregister gov au statements 13343,equivalent,https   modernslaveryregister gov au statements 22925,{}
https   modernslaveryregister gov au statements 14557,equivalent,https   modernslaveryregister gov au statements 12717,{}
https   modernslaveryregister gov au statements 14557,equivalent,https   modernslaveryregister gov au statements 13343,{}
https   modernslaveryregister gov au statements 14557,equivalent,https   modernslaveryregister gov au statements 16906,{}
https   modernslaveryregister gov au statements 14557,equivalent,https   modernslaveryregister gov au statements 5496,{}
https   modernslaveryregister gov au statements 14557,equivalent,https   modernslaveryregister gov au statements 21812,{}
https   modernslaveryregister gov au statements 14557,equivalent,https   modernslaveryregister gov au statements 26223,{}
https   modernslaveryregister gov au statements 14557,equivalent,https   modernslaveryregister gov au statements 26219,{}
https   modernslaveryregister gov au statements 14557,equivalent,https   modernslaveryregister gov au statements 26963,{}
https   modernslaveryregister gov au statements 14557,equivalent,https   modernslaveryregister gov au statements 8878,{}
https   modernslaveryregister gov au statements 14557,equivalent,https   modernslaveryregister gov au statements 7047,{}
https   modernslaveryregister gov au statements 14557,equivalent,https   modernslaveryregister gov au statements 22925,{}
https   modernslaveryregister gov au statements 14557,equivalent,https   modernslaveryregister gov au statements 24610,{}
https   modernslaveryregister gov au statements 14557,equivalent,https   modernslaveryregister gov au statements 11236,{}
https   modernslaveryregister gov au statements 14557,equivalent,https   modernslaveryregister gov au statements 10649,{}
https   modernslaveryregister gov au statements 14557,equivalent,https   modernslaveryregister gov au statements 19542,{}
https   modernslaveryregister gov au statements 14557,equivalent,modernslaveryregister gov au statements 22925,{}
https   modernslaveryregister gov au statements 16906,equivalent,https   modernslaveryregister gov au statements 26963,{}
https   modernslaveryregister gov au statements 16906,equivalent,https   modernslaveryregister gov au statements 14557,{}
https   modernslaveryregister gov au statements 16906,equivalent,https   modernslaveryregister gov au statements 5496,{}
https   modernslaveryregister gov au statements 16906,equivalent,https   modernslaveryregister gov au statements 12717,{}
https   modernslaveryregister gov au statements 16906,equivalent,https   modernslaveryregister gov au statements 19542,{}
https   modernslaveryregister gov au statements 16906,equivalent,https   modernslaveryregister gov au statements 21812,{}
https   modernslaveryregister gov au statements 16906,equivalent,https   modernslaveryregister gov au statements 8878,{}
https   modernslaveryregister gov au statements 16906,equivalent,https   modernslaveryregister gov au statements 26219,{}
https   modernslaveryregister gov au statements 16906,equivalent,https   modernslaveryregister gov au statements 24610,{}
https   modernslaveryregister gov au statements 16906,equivalent,https   modernslaveryregister gov au statements 26223,{}
https   modernslaveryregister gov au statements 16906,equivalent,https   modernslaveryregister gov au statements 7047,{}
https   modernslaveryregister gov au statements 16906,equivalent,https   modernslaveryregister gov au statements 13343,{}
https   modernslaveryregister gov au statements 16906,equivalent,https   modernslaveryregister gov au statements 22925,{}
https   modernslaveryregister gov au statements 16906,equivalent,https   modernslaveryregister gov au statements 10649,{}
https   modernslaveryregister gov au statements 16906,equivalent,https   modernslaveryregister gov au statements 11236,{}
https   modernslaveryregister gov au statements 19542,equivalent,https   modernslaveryregister gov au statements 5496,{}
https   modernslaveryregister gov au statements 19542,equivalent,https   modernslaveryregister gov au statements 21812,{}
https   modernslaveryregister gov au statements 19542,equivalent,https   modernslaveryregister gov au statements 13343,{}
https   modernslaveryregister gov au statements 19542,equivalent,https   modernslaveryregister gov au statements 16906,{}
https   modernslaveryregister gov au statements 19542,equivalent,https   modernslaveryregister gov au statements 26963,{}
https   modernslaveryregister gov au statements 19542,equivalent,https   modernslaveryregister gov au statements 26219,{}
https   modernslaveryregister gov au statements 19542,equivalent,https   modernslaveryregister gov au statements 24610,{}
https   modernslaveryregister gov au statements 19542,equivalent,https   modernslaveryregister gov au statements 7047,{}
https   modernslaveryregister gov au statements 19542,equivalent,https   modernslaveryregister gov au statements 26223,{}
https   modernslaveryregister gov au statements 19542,equivalent,https   modernslaveryregister gov au statements 11236,{}
https   modernslaveryregister gov au statements 21812,equivalent,https   modernslaveryregister gov au statements 24610,{}
https   modernslaveryregister gov au statements 21812,equivalent,https   modernslaveryregister gov au statements 26223,{}
https   modernslaveryregister gov au statements 21812,equivalent,https   modernslaveryregister gov au statements 26219,{}
https   modernslaveryregister gov au statements 21812,equivalent,https   modernslaveryregister gov au statements 5496,{}
https   modernslaveryregister gov au statements 21812,equivalent,https   modernslaveryregister gov au statements 12717,{}
https   modernslaveryregister gov au statements 21812,equivalent,https   modernslaveryregister gov au statements 8878,{}
https   modernslaveryregister gov au statements 21812,equivalent,https   modernslaveryregister gov au statements 26963,{}
https   modernslaveryregister gov au statements 21812,equivalent,https   modernslaveryregister gov au statements 22925,{}
https   modernslaveryregister gov au statements 21812,equivalent,https   modernslaveryregister gov au statements 13343,{}
https   modernslaveryregister gov au statements 21812,equivalent,https   modernslaveryregister gov au statements 14557,{}
https   modernslaveryregister gov au statements 21812,equivalent,https   modernslaveryregister gov au statements 19542,{}
https   modernslaveryregister gov au statements 21812,equivalent,https   modernslaveryregister gov au statements 10649,{}
https   modernslaveryregister gov au statements 21812,equivalent,https   modernslaveryregister gov au statements 7047,{}
https   modernslaveryregister gov au statements 21812,equivalent,https   modernslaveryregister gov au statements 11236,{}
https   modernslaveryregister gov au statements 21812,equivalent,https   modernslaveryregister gov au statements 16906,{}
https   modernslaveryregister gov au statements 21812,equivalent,modernslaveryregister gov au statements 22925,{}
https   modernslaveryregister gov au statements 22925,equivalent,modernslaveryregister gov au statements 22925,{}
https   modernslaveryregister gov au statements 22925,equivalent,https   modernslaveryregister gov au statements 26223,{}
https   modernslaveryregister gov au statements 22925,equivalent,https   modernslaveryregister gov au statements 24610,{}
https   modernslaveryregister gov au statements 22925,equivalent,https   modernslaveryregister gov au statements 5496,{}
https   modernslaveryregister gov au statements 22925,equivalent,https   modernslaveryregister gov au statements 14557,{}
https   modernslaveryregister gov au statements 22925,equivalent,https   modernslaveryregister gov au statements 21812,{}
https   modernslaveryregister gov au statements 22925,equivalent,https   modernslaveryregister gov au statements 12717,{}
https   modernslaveryregister gov au statements 22925,equivalent,https   modernslaveryregister gov au statements 26963,{}
https   modernslaveryregister gov au statements 22925,equivalent,https   modernslaveryregister gov au statements 26219,{}
https   modernslaveryregister gov au statements 22925,equivalent,https   modernslaveryregister gov au statements 16906,{}
https   modernslaveryregister gov au statements 22925,equivalent,https   modernslaveryregister gov au statements 8878,{}
https   modernslaveryregister gov au statements 22925,equivalent,https   modernslaveryregister gov au statements 10649,{}
https   modernslaveryregister gov au statements 22925,equivalent,https   modernslaveryregister gov au statements 7047,{}
https   modernslaveryregister gov au statements 22925,equivalent,https   modernslaveryregister gov au statements 11236,{}
https   modernslaveryregister gov au statements 22925,equivalent,https   modernslaveryregister gov au statements 13343,{}
https   modernslaveryregister gov au statements 22925,equivalent,https   modernslaveryregister gov au statements 19542,{}
https   modernslaveryregister gov au statements 24610,equivalent,https   modernslaveryregister gov au statements 26219,{}
https   modernslaveryregister gov au statements 24610,equivalent,https   modernslaveryregister gov au statements 22925,{}
https   modernslaveryregister gov au statements 24610,equivalent,https   modernslaveryregister gov au statements 26223,{}
https   modernslaveryregister gov au statements 24610,equivalent,https   modernslaveryregister gov au statements 21812,{}
https   modernslaveryregister gov au statements 24610,equivalent,https   modernslaveryregister gov au statements 26963,{}
https   modernslaveryregister gov au statements 24610,equivalent,https   modernslaveryregister gov au statements 12717,{}
https   modernslaveryregister gov au statements 24610,equivalent,https   modernslaveryregister gov au statements 5496,{}
https   modernslaveryregister gov au statements 24610,equivalent,https   modernslaveryregister gov au statements 8878,{}
https   modernslaveryregister gov au statements 24610,equivalent,https   modernslaveryregister gov au statements 19542,{}
https   modernslaveryregister gov au statements 24610,equivalent,https   modernslaveryregister gov au statements 13343,{}
https   modernslaveryregister gov au statements 24610,equivalent,https   modernslaveryregister gov au statements 16906,{}
https   modernslaveryregister gov au statements 24610,equivalent,https   modernslaveryregister gov au statements 14557,{}
https   modernslaveryregister gov au statements 24610,equivalent,https   modernslaveryregister gov au statements 10649,{}
https   modernslaveryregister gov au statements 24610,equivalent,https   modernslaveryregister gov au statements 11236,{}
https   modernslaveryregister gov au statements 24610,equivalent,https   modernslaveryregister gov au statements 7047,{}
https   modernslaveryregister gov au statements 24610,equivalent,modernslaveryregister gov au statements 22925,{}
https   modernslaveryregister gov au statements 26219,equivalent,https   modernslaveryregister gov au statements 26223,{}
https   modernslaveryregister gov au statements 26219,equivalent,https   modernslaveryregister gov au statements 24610,{}
https   modernslaveryregister gov au statements 26219,equivalent,https   modernslaveryregister gov au statements 13343,{}
https   modernslaveryregister gov au statements 26219,equivalent,https   modernslaveryregister gov au statements 26963,{}
https   modernslaveryregister gov au statements 26219,equivalent,https   modernslaveryregister gov au statements 22925,{}
https   modernslaveryregister gov au statements 26219,equivalent,https   modernslaveryregister gov au statements 21812,{}
https   modernslaveryregister gov au statements 26219,equivalent,https   modernslaveryregister gov au statements 12717,{}
https   modernslaveryregister gov au statements 26219,equivalent,https   modernslaveryregister gov au statements 8878,{}
https   modernslaveryregister gov au statements 26219,equivalent,https   modernslaveryregister gov au statements 14557,{}
https   modernslaveryregister gov au statements 26219,equivalent,https   modernslaveryregister gov au statements 5496,{}
https   modernslaveryregister gov au statements 26219,equivalent,https   modernslaveryregister gov au statements 7047,{}
https   modernslaveryregister gov au statements 26219,equivalent,https   modernslaveryregister gov au statements 16906,{}
https   modernslaveryregister gov au statements 26219,equivalent,https   modernslaveryregister gov au statements 10649,{}
https   modernslaveryregister gov au statements 26219,equivalent,https   modernslaveryregister gov au statements 11236,{}
https   modernslaveryregister gov au statements 26219,equivalent,https   modernslaveryregister gov au statements 19542,{}
https   modernslaveryregister gov au statements 26219,equivalent,modernslaveryregister gov au statements 22925,{}
https   modernslaveryregister gov au statements 26223,equivalent,https   modernslaveryregister gov au statements 26219,{}
https   modernslaveryregister gov au statements 26223,equivalent,https   modernslaveryregister gov au statements 24610,{}
https   modernslaveryregister gov au statements 26223,equivalent,https   modernslaveryregister gov au statements 13343,{}
https   modernslaveryregister gov au statements 26223,equivalent,https   modernslaveryregister gov au statements 26963,{}
https   modernslaveryregister gov au statements 26223,equivalent,https   modernslaveryregister gov au statements 22925,{}
https   modernslaveryregister gov au statements 26223,equivalent,https   modernslaveryregister gov au statements 5496,{}
https   modernslaveryregister gov au statements 26223,equivalent,https   modernslaveryregister gov au statements 21812,{}
https   modernslaveryregister gov au statements 26223,equivalent,https   modernslaveryregister gov au statements 14557,{}
https   modernslaveryregister gov au statements 26223,equivalent,https   modernslaveryregister gov au statements 12717,{}
https   modernslaveryregister gov au statements 26223,equivalent,https   modernslaveryregister gov au statements 8878,{}
https   modernslaveryregister gov au statements 26223,equivalent,https   modernslaveryregister gov au statements 16906,{}
https   modernslaveryregister gov au statements 26223,equivalent,https   modernslaveryregister gov au statements 7047,{}
https   modernslaveryregister gov au statements 26223,equivalent,https   modernslaveryregister gov au statements 11236,{}
https   modernslaveryregister gov au statements 26223,equivalent,https   modernslaveryregister gov au statements 10649,{}
https   modernslaveryregister gov au statements 26223,equivalent,https   modernslaveryregister gov au statements 19542,{}
https   modernslaveryregister gov au statements 26223,equivalent,modernslaveryregister gov au statements 22925,{}
https   modernslaveryregister gov au statements 26963,equivalent,https   modernslaveryregister gov au statements 5496,{}
https   modernslaveryregister gov au statements 26963,equivalent,https   modernslaveryregister gov au statements 26219,{}
https   modernslaveryregister gov au statements 26963,equivalent,https   modernslaveryregister gov au statements 8878,{}
https   modernslaveryregister gov au statements 26963,equivalent,https   modernslaveryregister gov au statements 24610,{}
https   modernslaveryregister gov au statements 26963,equivalent,https   modernslaveryregister gov au statements 16906,{}
https   modernslaveryregister gov au statements 26963,equivalent,https   modernslaveryregister gov au statements 21812,{}
https   modernslaveryregister gov au statements 26963,equivalent,https   modernslaveryregister gov au statements 13343,{}
https   modernslaveryregister gov au statements 26963,equivalent,https   modernslaveryregister gov au statements 14557,{}
https   modernslaveryregister gov au statements 26963,equivalent,https   modernslaveryregister gov au statements 12717,{}
https   modernslaveryregister gov au statements 26963,equivalent,https   modernslaveryregister gov au statements 26223,{}
https   modernslaveryregister gov au statements 26963,equivalent,https   modernslaveryregister gov au statements 22925,{}
https   modernslaveryregister gov au statements 26963,equivalent,https   modernslaveryregister gov au statements 7047,{}
https   modernslaveryregister gov au statements 26963,equivalent,https   modernslaveryregister gov au statements 10649,{}
https   modernslaveryregister gov au statements 26963,equivalent,https   modernslaveryregister gov au statements 19542,{}
https   modernslaveryregister gov au statements 26963,equivalent,https   modernslaveryregister gov au statements 11236,{}
https   modernslaveryregister gov au statements 26963,equivalent,modernslaveryregister gov au statements 22925,{}
https   modernslaveryregister gov au statements 5496,equivalent,https   modernslaveryregister gov au statements 21812,{}
https   modernslaveryregister gov au statements 5496,equivalent,https   modernslaveryregister gov au statements 19542,{}
https   modernslaveryregister gov au statements 5496,equivalent,https   modernslaveryregister gov au statements 8878,{}
https   modernslaveryregister gov au statements 5496,equivalent,https   modernslaveryregister gov au statements 26963,{}
https   modernslaveryregister gov au statements 5496,equivalent,https   modernslaveryregister gov au statements 13343,{}
https   modernslaveryregister gov au statements 5496,equivalent,https   modernslaveryregister gov au statements 11236,{}
https   modernslaveryregister gov au statements 5496,equivalent,https   modernslaveryregister gov au statements 24610,{}
https   modernslaveryregister gov au statements 5496,equivalent,https   modernslaveryregister gov au statements 26219,{}
https   modernslaveryregister gov au statements 5496,equivalent,https   modernslaveryregister gov au statements 16906,{}
https   modernslaveryregister gov au statements 5496,equivalent,https   modernslaveryregister gov au statements 14557,{}
https   modernslaveryregister gov au statements 5496,equivalent,https   modernslaveryregister gov au statements 26223,{}
https   modernslaveryregister gov au statements 5496,equivalent,https   modernslaveryregister gov au statements 7047,{}
https   modernslaveryregister gov au statements 5496,equivalent,https   modernslaveryregister gov au statements 10649,{}
https   modernslaveryregister gov au statements 5496,equivalent,https   modernslaveryregister gov au statements 12717,{}
https   modernslaveryregister gov au statements 5496,equivalent,https   modernslaveryregister gov au statements 22925,{}
https   modernslaveryregister gov au statements 5496,equivalent,modernslaveryregister gov au statements 22925,{}
https   modernslaveryregister gov au statements 7047,equivalent,https   modernslaveryregister gov au statements 13343,{}
https   modernslaveryregister gov au statements 7047,equivalent,https   modernslaveryregister gov au statements 10649,{}
https   modernslaveryregister gov au statements 7047,equivalent,https   modernslaveryregister gov au statements 26963,{}
https   modernslaveryregister gov au statements 7047,equivalent,https   modernslaveryregister gov au statements 5496,{}
https   modernslaveryregister gov au statements 7047,equivalent,https   modernslaveryregister gov au statements 14557,{}
https   modernslaveryregister gov au statements 7047,equivalent,https   modernslaveryregister gov au statements 16906,{}
https   modernslaveryregister gov au statements 7047,equivalent,https   modernslaveryregister gov au statements 11236,{}
https   modernslaveryregister gov au statements 7047,equivalent,https   modernslaveryregister gov au statements 26219,{}
https   modernslaveryregister gov au statements 7047,equivalent,https   modernslaveryregister gov au statements 8878,{}
https   modernslaveryregister gov au statements 7047,equivalent,https   modernslaveryregister gov au statements 21812,{}
https   modernslaveryregister gov au statements 7047,equivalent,https   modernslaveryregister gov au statements 12717,{}
https   modernslaveryregister gov au statements 7047,equivalent,https   modernslaveryregister gov au statements 24610,{}
https   modernslaveryregister gov au statements 7047,equivalent,https   modernslaveryregister gov au statements 22925,{}
https   modernslaveryregister gov au statements 7047,equivalent,https   modernslaveryregister gov au statements 26223,{}
https   modernslaveryregister gov au statements 7047,equivalent,https   modernslaveryregister gov au statements 19542,{}
https   modernslaveryregister gov au statements 7047,equivalent,modernslaveryregister gov au statements 22925,{}
https   modernslaveryregister gov au statements 8878,equivalent,https   modernslaveryregister gov au statements 26963,{}
https   modernslaveryregister gov au statements 8878,equivalent,https   modernslaveryregister gov au statements 5496,{}
https   modernslaveryregister gov au statements 8878,equivalent,https   modernslaveryregister gov au statements 26219,{}
https   modernslaveryregister gov au statements 8878,equivalent,https   modernslaveryregister gov au statements 21812,{}
https   modernslaveryregister gov au statements 8878,equivalent,https   modernslaveryregister gov au statements 24610,{}
https   modernslaveryregister gov au statements 8878,equivalent,https   modernslaveryregister gov au statements 14557,{}
https   modernslaveryregister gov au statements 8878,equivalent,https   modernslaveryregister gov au statements 26223,{}
https   modernslaveryregister gov au statements 8878,equivalent,https   modernslaveryregister gov au statements 13343,{}
https   modernslaveryregister gov au statements 8878,equivalent,https   modernslaveryregister gov au statements 12717,{}
https   modernslaveryregister gov au statements 8878,equivalent,https   modernslaveryregister gov au statements 16906,{}
https   modernslaveryregister gov au statements 8878,equivalent,https   modernslaveryregister gov au statements 7047,{}
https   modernslaveryregister gov au statements 8878,equivalent,https   modernslaveryregister gov au statements 11236,{}
https   modernslaveryregister gov au statements 8878,equivalent,https   modernslaveryregister gov au statements 10649,{}
https   modernslaveryregister gov au statements 8878,equivalent,https   modernslaveryregister gov au statements 19542,{}
https   modernslaveryregister gov au statements 8878,equivalent,https   modernslaveryregister gov au statements 22925,{}
information technology and telecommunication,equivalent,technology and telecommunications,{}
kyndryl austrailia pty ltd,equivalent,kyndryl australia pty ltd,{}
kyndryl austrailia pty ltd,equivalent,kyndryl australia client services pty ltd,{}
kyndryl australia client services pty ltd,equivalent,kyndryl australia pty ltd,{}
kyndryl australia client services pty ltd,equivalent,kyndryl austrailia pty ltd,{}
kyndryl australia pty ltd,equivalent,kyndryl austrailia pty ltd,{}
media,equivalent,entertainment and media,{}
mitsubishi development pty ltd,equivalent,mitsubishi development pty ltd and qct resources pty limited,{}
modern slavery statement,equivalent,modern slavery statement 2024 3467,{}
modern slavery statement,equivalent,modern slavery statement 2025 3467,{}
modern slavery statement,equivalent,modern slavery statement 2022 754  societe generale,{}
modern slavery statement,equivalent,modern slavery statement 2023 1760  adcome pty ltd,{}
modern slavery statement,equivalent,royal victorian eye   ear hospital s modern slavery statement,{}
modern slavery statement 2024 3467,equivalent,modern slavery statement 2025 3467,{}
modern slavery statement 2024 3467,equivalent,modern slavery statement 2022 754  societe generale,{}
modern slavery statement 2024 3467,equivalent,modern slavery statement 2023 1760  adcome pty ltd,{}
modern slavery statement 2025 3467,equivalent,modern slavery statement 2024 3467,{}
modern slavery statement 2025 3467,equivalent,modern slavery statement 2022 754  societe generale,{}
modernslaveryregister gov au statements 22925,equivalent,https   modernslaveryregister gov au statements 22925,{}
modernslaveryregister gov au statements 22925,equivalent,https   modernslaveryregister gov au statements 24610,{}
modernslaveryregister gov au statements 22925,equivalent,https   modernslaveryregister gov au statements 26223,{}
modernslaveryregister gov au statements 22925,equivalent,https   modernslaveryregister gov au statements 21812,{}
modernslaveryregister gov au statements 22925,equivalent,https   modernslaveryregister gov au statements 14557,{}
modernslaveryregister gov au statements 22925,equivalent,https   modernslaveryregister gov au statements 12717,{}
modernslaveryregister gov au statements 22925,equivalent,https   modernslaveryregister gov au statements 26219,{}
modernslaveryregister gov au statements 22925,equivalent,https   modernslaveryregister gov au statements 5496,{}
modernslaveryregister gov au statements 22925,equivalent,https   modernslaveryregister gov au statements 26963,{}
modernslaveryregister gov au statements 22925,equivalent,https   modernslaveryregister gov au statements 16906,{}
modernslaveryregister gov au statements 22925,equivalent,https   modernslaveryregister gov au statements 8878,{}
modernslaveryregister gov au statements 22925,equivalent,https   modernslaveryregister gov au statements 10649,{}
modernslaveryregister gov au statements 22925,equivalent,https   modernslaveryregister gov au statements 11236,{}
modernslaveryregister gov au statements 22925,equivalent,https   modernslaveryregister gov au statements 13343,{}
modernslaveryregister gov au statements 22925,equivalent,https   modernslaveryregister gov au statements 7047,{}
modernslaveryregister gov au statements 22925,equivalent,https   modernslaveryregister gov au statements 19542,{}
penguin random house australia pty ltd,equivalent,penguin random house austrialy pty ltd,{}
penguin random house austrialy pty ltd,equivalent,penguin random house australia pty ltd,{}
qct resources ptly limited,equivalent,qct resources pty limited,{}
qct resources ptly limited,equivalent,mitsubishi development pty ltd and qct resources pty limited,{}
qct resources pty limited,equivalent,mitsubishi development pty ltd and qct resources pty limited,{}
qct resources pty limited,equivalent,qct resources ptly limited,{}
regional express pty ltd,equivalent,regional express holdings limited,{}
rex airlines pty ltd,equivalent,rex flyer pty ltd,{}
rex flyer pty ltd,equivalent,rex airlines pty ltd,{}
richland express pty limited,equivalent,richland express pty limited  abn 52 127 488 340,{}
royal victorian eye   ear hospital,equivalent,royal victorian eye   ear hospital s modern slavery statement,{}
scott park group pty ltd,equivalent,scott park group pty ltd  abn 42 118 798 253,{}
societe generale,equivalent,societe generale  abn 71 092 516 286,{}
societe generale,equivalent,modern slavery statement 2022 754  societe generale,{}
technology and telecommunications,equivalent,information technology and telecommunication,{}
the a2 milk company  australia  pty ltd,equivalent,a2 infant nutrition australia pty ltd,{}
the a2 milk company limited,equivalent,the a2 milk company  australia  pty ltd,{}
transport and logistics,equivalent,transportation  logistics  and storage,{}
transportation  logistics  and storage,equivalent,transport and logistics,{}
australian modern slavery register,is_mentioned_in,Modern slavery statement 2023-838: GME PTY LTD.,{}
modern slavery statement,is_mentioned_in,Modern slavery statement 2023-838: GME PTY LTD.,{}
australia,is_mentioned_in,Modern slavery statement 2023-838: GME PTY LTD.,{}
https   modernslaveryregister gov au statements 13343,is_mentioned_in,Modern slavery statement 2023-838: GME PTY LTD.,{}
home furnishings,is_mentioned_in,Modern slavery statement 2023-838: GME PTY LTD.,{}
100 150m,is_mentioned_in,Modern slavery statement 2023-838: GME PTY LTD.,{}
other accessories,is_mentioned_in,Modern slavery statement 2023-838: GME PTY LTD.,{}
gme pty ltd,is_mentioned_in,Modern slavery statement 2023-838: GME PTY LTD.,{}
2021 07 01 to 2022 06 30,is_mentioned_in,Modern slavery statement 2023-838: GME PTY LTD.,{}
durable consumer goods  including electronics and appliances,is_mentioned_in,Modern slavery statement 2023-838: GME PTY LTD.,{}
australian modern slavery register,is_mentioned_in,Modern slavery statement 2024-131: B.M.D. HOLDINGS PTY. LIMITED,{}
https   modernslaveryregister gov au statements 16906,is_mentioned_in,Modern slavery statement 2024-131: B.M.D. HOLDINGS PTY. LIMITED,{}
australia,is_mentioned_in,Modern slavery statement 2024-131: B.M.D. HOLDINGS PTY. LIMITED,{}
manufacturing and resources,is_mentioned_in,Modern slavery statement 2024-131: B.M.D. HOLDINGS PTY. LIMITED,{}
1bn,is_mentioned_in,Modern slavery statement 2024-131: B.M.D. HOLDINGS PTY. LIMITED,{}
abn 47 010 093 348,is_mentioned_in,Modern slavery statement 2024-131: B.M.D. HOLDINGS PTY. LIMITED,{}
b m d  holdings pty  limited,is_mentioned_in,Modern slavery statement 2024-131: B.M.D. HOLDINGS PTY. LIMITED,{}
modern slavery statement 2024 3467,is_mentioned_in,Modern slavery statement 2025-3467: NICK SCALI LIMITED,{}
55 080 012 595,is_mentioned_in,Modern slavery statement 2025-3467: NICK SCALI LIMITED,{}
nick scali limited,is_mentioned_in,Modern slavery statement 2025-3467: NICK SCALI LIMITED,{}
australia,is_mentioned_in,Modern slavery statement 2025-3467: NICK SCALI LIMITED,{}
https   modernslaveryregister gov au statements 26219,is_mentioned_in,Modern slavery statement 2025-3467: NICK SCALI LIMITED,{}
plush think sofas pty ltd,is_mentioned_in,Modern slavery statement 2025-3467: NICK SCALI LIMITED,{}
retail and hospitality,is_mentioned_in,Modern slavery statement 2025-3467: NICK SCALI LIMITED,{}
2024 07 01 to 2025 06 30,is_mentioned_in,Modern slavery statement 2025-3467: NICK SCALI LIMITED,{}
abn 82 000 403 896,is_mentioned_in,Modern slavery statement 2025-3467: NICK SCALI LIMITED,{}
450 500m,is_mentioned_in,Modern slavery statement 2025-3467: NICK SCALI LIMITED,{}
the a2 milk company  australia  pty ltd,is_mentioned_in,Modern slavery statement 2022-2432: A2 AUSTRALIAN INVESTMENTS PTY. LIMITED. & A2 INFANT NUTRITION AUSTRALIA PTY LTD & A2 INFANT NUTRITION LIMITED et al.,{}
a2 infant nutrition australia pty ltd,is_mentioned_in,Modern slavery statement 2022-2432: A2 AUSTRALIAN INVESTMENTS PTY. LIMITED. & A2 INFANT NUTRITION AUSTRALIA PTY LTD & A2 INFANT NUTRITION LIMITED et al.,{}
a2 infant nutrition limited,is_mentioned_in,Modern slavery statement 2022-2432: A2 AUSTRALIAN INVESTMENTS PTY. LIMITED. & A2 INFANT NUTRITION AUSTRALIA PTY LTD & A2 INFANT NUTRITION LIMITED et al.,{}
modern slavery statement,is_mentioned_in,Modern slavery statement 2022-2432: A2 AUSTRALIAN INVESTMENTS PTY. LIMITED. & A2 INFANT NUTRITION AUSTRALIA PTY LTD & A2 INFANT NUTRITION LIMITED et al.,{}
a2 australian investments pty  limited,is_mentioned_in,Modern slavery statement 2022-2432: A2 AUSTRALIAN INVESTMENTS PTY. LIMITED. & A2 INFANT NUTRITION AUSTRALIA PTY LTD & A2 INFANT NUTRITION LIMITED et al.,{}
manufacturing and resources,is_mentioned_in,Modern slavery statement 2022-2432: A2 AUSTRALIAN INVESTMENTS PTY. LIMITED. & A2 INFANT NUTRITION AUSTRALIA PTY LTD & A2 INFANT NUTRITION LIMITED et al.,{}
abn 97 769 415 292,is_mentioned_in,Modern slavery statement 2022-2432: A2 AUSTRALIAN INVESTMENTS PTY. LIMITED. & A2 INFANT NUTRITION AUSTRALIA PTY LTD & A2 INFANT NUTRITION LIMITED et al.,{}
abn 27 161 773 913,is_mentioned_in,Modern slavery statement 2022-2432: A2 AUSTRALIAN INVESTMENTS PTY. LIMITED. & A2 INFANT NUTRITION AUSTRALIA PTY LTD & A2 INFANT NUTRITION LIMITED et al.,{}
new zealand,is_mentioned_in,Modern slavery statement 2022-2432: A2 AUSTRALIAN INVESTMENTS PTY. LIMITED. & A2 INFANT NUTRITION AUSTRALIA PTY LTD & A2 INFANT NUTRITION LIMITED et al.,{}
https   modernslaveryregister gov au statements 11236,is_mentioned_in,Modern slavery statement 2022-2432: A2 AUSTRALIAN INVESTMENTS PTY. LIMITED. & A2 INFANT NUTRITION AUSTRALIA PTY LTD & A2 INFANT NUTRITION LIMITED et al.,{}
abn 81 618 864 958,is_mentioned_in,Modern slavery statement 2022-2432: A2 AUSTRALIAN INVESTMENTS PTY. LIMITED. & A2 INFANT NUTRITION AUSTRALIA PTY LTD & A2 INFANT NUTRITION LIMITED et al.,{}
the a2 milk company limited,is_mentioned_in,Modern slavery statement 2022-2432: A2 AUSTRALIAN INVESTMENTS PTY. LIMITED. & A2 INFANT NUTRITION AUSTRALIA PTY LTD & A2 INFANT NUTRITION LIMITED et al.,{}
2021 07 01 to 2022 06 30,is_mentioned_in,Modern slavery statement 2022-2432: A2 AUSTRALIAN INVESTMENTS PTY. LIMITED. & A2 INFANT NUTRITION AUSTRALIA PTY LTD & A2 INFANT NUTRITION LIMITED et al.,{}
abn 93 126 014 275,is_mentioned_in,Modern slavery statement 2022-2432: A2 AUSTRALIAN INVESTMENTS PTY. LIMITED. & A2 INFANT NUTRITION AUSTRALIA PTY LTD & A2 INFANT NUTRITION LIMITED et al.,{}
dental health services victoria,is_mentioned_in,Modern slavery statement 2022-2012: DENTAL HEALTH SERVICES VICTORIA,{}
modern slavery statement,is_mentioned_in,Modern slavery statement 2022-2012: DENTAL HEALTH SERVICES VICTORIA,{}
australia,is_mentioned_in,Modern slavery statement 2022-2012: DENTAL HEALTH SERVICES VICTORIA,{}
abn 55 264 981 997,is_mentioned_in,Modern slavery statement 2022-2012: DENTAL HEALTH SERVICES VICTORIA,{}
healthcare,is_mentioned_in,Modern slavery statement 2022-2012: DENTAL HEALTH SERVICES VICTORIA,{}
https   modernslaveryregister gov au statements 10649,is_mentioned_in,Modern slavery statement 2022-2012: DENTAL HEALTH SERVICES VICTORIA,{}
2021 07 01 to 2022 06 30,is_mentioned_in,Modern slavery statement 2022-2012: DENTAL HEALTH SERVICES VICTORIA,{}
150 200m,is_mentioned_in,Modern slavery statement 2022-2012: DENTAL HEALTH SERVICES VICTORIA,{}
australian modern slavery register,is_mentioned_in,Modern slavery statement 2021-2694: HUSQVARNA AUSTRALIA PTY LIMITED,{}
https   modernslaveryregister gov au statements 5496,is_mentioned_in,Modern slavery statement 2021-2694: HUSQVARNA AUSTRALIA PTY LIMITED,{}
sweden,is_mentioned_in,Modern slavery statement 2021-2694: HUSQVARNA AUSTRALIA PTY LIMITED,{}
modern slavery statement,is_mentioned_in,Modern slavery statement 2021-2694: HUSQVARNA AUSTRALIA PTY LIMITED,{}
200 250m,is_mentioned_in,Modern slavery statement 2021-2694: HUSQVARNA AUSTRALIA PTY LIMITED,{}
other industries,is_mentioned_in,Modern slavery statement 2021-2694: HUSQVARNA AUSTRALIA PTY LIMITED,{}
husqvarna australia pty limited,is_mentioned_in,Modern slavery statement 2021-2694: HUSQVARNA AUSTRALIA PTY LIMITED,{}
australian modern slavery register,is_mentioned_in,Modern slavery statement 2025-854: PENGUIN RANDOM HOUSE AUSTRALIA PTY LTD,{}
australia,is_mentioned_in,Modern slavery statement 2025-854: PENGUIN RANDOM HOUSE AUSTRALIA PTY LTD,{}
2024 01 01 to 2024 12 31,is_mentioned_in,Modern slavery statement 2025-854: PENGUIN RANDOM HOUSE AUSTRALIA PTY LTD,{}
penguin random house australia pty ltd,is_mentioned_in,Modern slavery statement 2025-854: PENGUIN RANDOM HOUSE AUSTRALIA PTY LTD,{}
entertainment and media,is_mentioned_in,Modern slavery statement 2025-854: PENGUIN RANDOM HOUSE AUSTRALIA PTY LTD,{}
250 300m,is_mentioned_in,Modern slavery statement 2025-854: PENGUIN RANDOM HOUSE AUSTRALIA PTY LTD,{}
https   modernslaveryregister gov au statements 22925,is_mentioned_in,Modern slavery statement 2025-854: PENGUIN RANDOM HOUSE AUSTRALIA PTY LTD,{}
australia,is_mentioned_in,Modern slavery statement 2025-3226: ROYAL VICTORIAN EYE & EAR HOSPITAL,{}
2024 07 01 to 2025 06 30,is_mentioned_in,Modern slavery statement 2025-3226: ROYAL VICTORIAN EYE & EAR HOSPITAL,{}
https   modernslaveryregister gov au statements 26223,is_mentioned_in,Modern slavery statement 2025-3226: ROYAL VICTORIAN EYE & EAR HOSPITAL,{}
royal victorian eye   ear hospital,is_mentioned_in,Modern slavery statement 2025-3226: ROYAL VICTORIAN EYE & EAR HOSPITAL,{}
healthcare,is_mentioned_in,Modern slavery statement 2025-3226: ROYAL VICTORIAN EYE & EAR HOSPITAL,{}
250 300m,is_mentioned_in,Modern slavery statement 2025-3226: ROYAL VICTORIAN EYE & EAR HOSPITAL,{}
aapa victoria pty ltd,is_mentioned_in,Modern slavery statement 2025-3878: REGIONAL EXPRESS HOLDINGS LIMITED,{}
australia,is_mentioned_in,Modern slavery statement 2025-3878: REGIONAL EXPRESS HOLDINGS LIMITED,{}
australian aero propeller maintenance pty ltd,is_mentioned_in,Modern slavery statement 2025-3878: REGIONAL EXPRESS HOLDINGS LIMITED,{}
regional express holdings limited,is_mentioned_in,Modern slavery statement 2025-3878: REGIONAL EXPRESS HOLDINGS LIMITED,{}
https   modernslaveryregister gov au statements 26963,is_mentioned_in,Modern slavery statement 2025-3878: REGIONAL EXPRESS HOLDINGS LIMITED,{}
air partners pty ltd,is_mentioned_in,Modern slavery statement 2025-3878: REGIONAL EXPRESS HOLDINGS LIMITED,{}
regional express pty ltd,is_mentioned_in,Modern slavery statement 2025-3878: REGIONAL EXPRESS HOLDINGS LIMITED,{}
rex airlines pty ltd,is_mentioned_in,Modern slavery statement 2025-3878: REGIONAL EXPRESS HOLDINGS LIMITED,{}
transport and logistics,is_mentioned_in,Modern slavery statement 2025-3878: REGIONAL EXPRESS HOLDINGS LIMITED,{}
350 400m,is_mentioned_in,Modern slavery statement 2025-3878: REGIONAL EXPRESS HOLDINGS LIMITED,{}
2024 07 01 to 2025 06 30,is_mentioned_in,Modern slavery statement 2025-3878: REGIONAL EXPRESS HOLDINGS LIMITED,{}
rex investment holdings pty ltd,is_mentioned_in,Modern slavery statement 2025-3878: REGIONAL EXPRESS HOLDINGS LIMITED,{}
rex flyer pty ltd,is_mentioned_in,Modern slavery statement 2025-3878: REGIONAL EXPRESS HOLDINGS LIMITED,{}
australian airline pilot academy pty ltd,is_mentioned_in,Modern slavery statement 2025-3878: REGIONAL EXPRESS HOLDINGS LIMITED,{}
australia,is_mentioned_in,Modern slavery statement 2023-441: Scott Park Group Pty Ltd,{}
scott park group pty ltd  abn 42 118 798 253,is_mentioned_in,Modern slavery statement 2023-441: Scott Park Group Pty Ltd,{}
scott park group pty ltd,is_mentioned_in,Modern slavery statement 2023-441: Scott Park Group Pty Ltd,{}
manufacturing and resources,is_mentioned_in,Modern slavery statement 2023-441: Scott Park Group Pty Ltd,{}
https   modernslaveryregister gov au statements 12717,is_mentioned_in,Modern slavery statement 2023-441: Scott Park Group Pty Ltd,{}
abn 42 118 798 253,is_mentioned_in,Modern slavery statement 2023-441: Scott Park Group Pty Ltd,{}
300 350m,is_mentioned_in,Modern slavery statement 2023-441: Scott Park Group Pty Ltd,{}
united states of america,is_mentioned_in,Modern slavery statement 2024-2040: KYNDRYL AUSTRALIA PTY LTD,{}
abn 98 646 647 592,is_mentioned_in,Modern slavery statement 2024-2040: KYNDRYL AUSTRALIA PTY LTD,{}
https   modernslaveryregister gov au statements 19542,is_mentioned_in,Modern slavery statement 2024-2040: KYNDRYL AUSTRALIA PTY LTD,{}
kyndryl australia pty ltd,is_mentioned_in,Modern slavery statement 2024-2040: KYNDRYL AUSTRALIA PTY LTD,{}
450 500m,is_mentioned_in,Modern slavery statement 2024-2040: KYNDRYL AUSTRALIA PTY LTD,{}
kyndryl australia client services pty ltd,is_mentioned_in,Modern slavery statement 2024-2040: KYNDRYL AUSTRALIA PTY LTD,{}
technology and telecommunications,is_mentioned_in,Modern slavery statement 2024-2040: KYNDRYL AUSTRALIA PTY LTD,{}
australia,is_mentioned_in,Modern slavery statement 2025-127: RICHLAND EXPRESS PTY LIMITED,{}
richland express pty limited,is_mentioned_in,Modern slavery statement 2025-127: RICHLAND EXPRESS PTY LIMITED,{}
100 150m,is_mentioned_in,Modern slavery statement 2025-127: RICHLAND EXPRESS PTY LIMITED,{}
other industries,is_mentioned_in,Modern slavery statement 2025-127: RICHLAND EXPRESS PTY LIMITED,{}
richland express pty limited  abn 52 127 488 340,is_mentioned_in,Modern slavery statement 2025-127: RICHLAND EXPRESS PTY LIMITED,{}
2023 07 01 to 2024 06 30,is_mentioned_in,Modern slavery statement 2025-127: RICHLAND EXPRESS PTY LIMITED,{}
australia,is_mentioned_in,Modern slavery statement 2021-3693: ADELAIDE AIRPORT LIMITED,{}
2020 07 01 to 2021 06 30,is_mentioned_in,Modern slavery statement 2021-3693: ADELAIDE AIRPORT LIMITED,{}
register entry,is_mentioned_in,Modern slavery statement 2021-3693: ADELAIDE AIRPORT LIMITED,{}
transport and logistics,is_mentioned_in,Modern slavery statement 2021-3693: ADELAIDE AIRPORT LIMITED,{}
adelaide airport limited  abn 78 075 176 653,is_mentioned_in,Modern slavery statement 2021-3693: ADELAIDE AIRPORT LIMITED,{}
adelaide airport limited,is_mentioned_in,Modern slavery statement 2021-3693: ADELAIDE AIRPORT LIMITED,{}
https   modernslaveryregister gov au statements 7047,is_mentioned_in,Modern slavery statement 2021-3693: ADELAIDE AIRPORT LIMITED,{}
150 200m,is_mentioned_in,Modern slavery statement 2021-3693: ADELAIDE AIRPORT LIMITED,{}
australian modern slavery register,is_mentioned_in,"Modern slavery statement 2025-2142: MITSUBISHI DEVELOPMENT PTY LTD, QCT RESOURCES PTY LIMITED",{}
qct resources pty limited,is_mentioned_in,"Modern slavery statement 2025-2142: MITSUBISHI DEVELOPMENT PTY LTD, QCT RESOURCES PTY LIMITED",{}
australia,is_mentioned_in,"Modern slavery statement 2025-2142: MITSUBISHI DEVELOPMENT PTY LTD, QCT RESOURCES PTY LIMITED",{}
manufacturing and resources,is_mentioned_in,"Modern slavery statement 2025-2142: MITSUBISHI DEVELOPMENT PTY LTD, QCT RESOURCES PTY LIMITED",{}
mitsubishi development pty ltd,is_mentioned_in,"Modern slavery statement 2025-2142: MITSUBISHI DEVELOPMENT PTY LTD, QCT RESOURCES PTY LIMITED",{}
2024 04 01 to 2025 03 31,is_mentioned_in,"Modern slavery statement 2025-2142: MITSUBISHI DEVELOPMENT PTY LTD, QCT RESOURCES PTY LIMITED",{}
register entry,is_mentioned_in,"Modern slavery statement 2025-2142: MITSUBISHI DEVELOPMENT PTY LTD, QCT RESOURCES PTY LIMITED",{}
qct resources ptly limited,is_mentioned_in,"Modern slavery statement 2025-2142: MITSUBISHI DEVELOPMENT PTY LTD, QCT RESOURCES PTY LIMITED",{}
1bn,is_mentioned_in,"Modern slavery statement 2025-2142: MITSUBISHI DEVELOPMENT PTY LTD, QCT RESOURCES PTY LIMITED",{}
https   modernslaveryregister gov au statements 24610,is_mentioned_in,"Modern slavery statement 2025-2142: MITSUBISHI DEVELOPMENT PTY LTD, QCT RESOURCES PTY LIMITED",{}
australia,is_mentioned_in,Modern slavery statement 2023-1760: Adcome Pty Ltd,{}
2022 05 01 to 2023 04 30,is_mentioned_in,Modern slavery statement 2023-1760: Adcome Pty Ltd,{}
manufacturing and resources,is_mentioned_in,Modern slavery statement 2023-1760: Adcome Pty Ltd,{}
https   modernslaveryregister gov au statements 14557,is_mentioned_in,Modern slavery statement 2023-1760: Adcome Pty Ltd,{}
modern slavery statement 2023 1760  adcome pty ltd,is_mentioned_in,Modern slavery statement 2023-1760: Adcome Pty Ltd,{}
abn 99 110 315 681,is_mentioned_in,Modern slavery statement 2023-1760: Adcome Pty Ltd,{}
450 500m,is_mentioned_in,Modern slavery statement 2023-1760: Adcome Pty Ltd,{}
adcome pty ltd,is_mentioned_in,Modern slavery statement 2023-1760: Adcome Pty Ltd,{}
australian modern slavery register,is_mentioned_in,Modern slavery statement 2022-754: SOCIETE GENERALE,{}
france,is_mentioned_in,Modern slavery statement 2022-754: SOCIETE GENERALE,{}
societe generale  abn 71 092 516 286,is_mentioned_in,Modern slavery statement 2022-754: SOCIETE GENERALE,{}
modern slavery statement 2022 754  societe generale,is_mentioned_in,Modern slavery statement 2022-754: SOCIETE GENERALE,{}
2021 01 01 to 2021 12 31,is_mentioned_in,Modern slavery statement 2022-754: SOCIETE GENERALE,{}
https   modernslaveryregister gov au statements 8878,is_mentioned_in,Modern slavery statement 2022-754: SOCIETE GENERALE,{}
1bn,is_mentioned_in,Modern slavery statement 2022-754: SOCIETE GENERALE,{}
financial services and insurance,is_mentioned_in,Modern slavery statement 2022-754: SOCIETE GENERALE,{}
